{"version":1,"exportedAt":1784790371900,"stateProfiles":{"izaiah":{"progress":{"lastChapterId":"4c6c9f62-b54a-4a14-8571-bbe03b1cf932","percents":{"0f78bbcf-ae36-4705-b088-f69023f2c41f":100,"a11b34d4-9e96-4067-b758-575071355221":100,"abdd9cdb-3b3f-4a36-8c47-2d57ec948980":100,"9ebff8c8-8045-4dae-9f6d-d33c1056b57d":100,"55ff8c22-5ff3-49b7-9bc3-76b8953673c5":100,"b07f8ba3-5a4d-4b96-b4ec-3d829c45e2fa":100,"1e3a9697-c38a-4fc9-8e5d-97dae6d99fd1":67.93590232735596,"8e93cce1-fadb-4599-9ff3-c2db07d2fded":58.861399797663935,"62d7f069-ccba-4766-b00c-4eaed3f1e842":35.10392609699769,"085980ad-1bbe-49bc-965f-61854ee45812":91.6437865584338,"ed7297db-318b-48d3-b8d2-2f87bf1b507f":41.075794621026894,"358d6a40-898e-40fa-af9d-aaadffefc7f3":100,"b79438b7-07a0-4d8e-8266-5d7a05294e07":100,"535a2891-1093-49e0-919f-bf6735ff8aa4":64.47063564017327,"78b14309-2d50-4e1d-8df6-39ed131d823b":58.96858582609627,"82e12a98-0e96-4fd5-b137-ae5284172e4d":100,"7e1cf5e3-95d4-446d-ad4b-be572330c6eb":100,"1b958ac2-2ff7-4843-872e-c2f278c1897a":26.25611648168039,"cb76e74a-014e-4af7-b301-40a65df6d4be":100,"1e7c69b1-6a9f-4274-8826-f6a626906a96":100,"ef3b0de7-997b-4056-a6f8-272a3e755610":55.865921787709496,"61035dc7-074a-436e-83fc-8361b347ae97":11.189854531891086,"ac17ff41-a4a3-4e6d-bb15-29cad2d4389a":31.25915795643255,"21f0aa3d-7510-48bf-8a04-6c3a1fb165bb":100,"a1acaf0e-e80d-4562-b88d-3284694f097c":100,"f07c7b5f-6a25-4b46-8679-97dc2cbe4f2b":100,"76b5b074-953e-4b5f-8158-9925a961d62f":100,"5ac873e6-1535-4f96-8d9f-14f1071d9b8e":100,"f846b9aa-4cb7-4933-99c5-87028c40de49":100,"fef99ce2-7891-4efc-9fa6-7aae67af1365":100,"80bd7701-329d-488d-8171-2caf3e70db97":100,"d5bb3ba8-f060-4e14-843d-494bdc1bf620":100,"6709d496-3b93-41b3-b40f-88b42c39b7ab":100,"8210daeb-424e-4a4a-9a43-3ab72b3cc0a0":100,"a0d40b16-cf48-4014-baab-9b32232452ae":100,"1e7a9600-7fb3-4be1-97f0-e3132ac5857f":100,"8f2e347c-1925-43a5-b221-12a1375f3e4a":100,"e2e9677f-a63b-494e-aca1-9fbb6a915cc2":100,"eaf9a8a8-9c8b-4f14-a11e-e549e1062051":100,"d41771c8-b473-4a7a-9377-f3df358aaa60":100,"d5cafa44-5569-4605-ba42-4053cfc898de":100,"c0bbc908-386d-443a-9494-9bbe4a0e3a5e":100,"e8c1bf61-5f3b-484d-90b1-005da98a2cce":100,"e12238a2-ed4a-4c5c-a1b1-b5df4a549bd8":100,"86561f96-b00d-405a-813f-196f94b571a1":100,"69a2aa9c-901d-4781-9d19-7bdcd859e8da":100,"8d5333ed-1e3e-4154-93c8-727dbcd38294":100,"71a81766-6d6f-4a3f-8958-905ce2132fec":100,"4c0006bd-7af6-4172-83c8-58ccf55fbd20":100,"766e9242-4421-4096-b0e7-d030c2068137":100,"4ace9519-b74c-4096-8939-54dcc8a7adb6":100,"58d8e7f8-45eb-4028-bff8-b6759ba5d8b9":100,"3425e982-08fb-4ca4-b771-c7168aca7ff2":100,"cf055cd4-3808-4544-9e3b-63992e006704":100,"110a5068-8799-4591-bb90-2ac5e9112538":100,"603da47f-0e18-419b-91d9-eacf75d6db61":100,"980f14f7-9bb5-4711-8690-7cef1a317ee3":100,"1eaa14e6-8bdd-418d-a558-bc7dfaad10d7":100,"1547aa57-8088-426c-901d-085a4f5d25cc":100,"164f6d37-fa7b-4b4d-8301-901196ac969c":100,"303b5abe-7b68-47a1-8449-81cedc879f79":100,"eaaee6ab-d972-4eaf-bb84-818563758add":100,"62c7b1f6-51e4-4e8f-9b39-96dbdc5c0563":100,"d39027e4-00dd-4208-b84e-68b29f09003b":100,"8cff0e65-1992-456a-b656-c7815276d6b0":100,"a7b314d5-78a8-4730-9403-1062902d231c":100,"8caffe27-446a-4741-b347-d46380fdc894":100,"3fdc4036-ecc6-415e-8a03-18d5b20e0c8a":100,"f7849cb0-44b9-4786-bc5a-04cee2c1e757":100,"623a5692-fcf8-4607-843e-8ca3c1cdf387":100,"6a4a37de-997f-43bb-a132-c859ae010bde":100,"25dcc2c6-c158-4605-ac07-a3c6269f16c9":100,"b499384a-73a9-4f0a-8cf8-e7ed683cc574":100,"cae71711-69f5-4b33-ac8f-808c5b15bd44":100,"9e9c91d9-9262-4abd-9382-3057d629c4ba":100,"adcc8f90-15c1-44ba-92b0-62ed75408acc":100,"c7c55a8d-4b91-4bd3-b034-c1e512a8020c":100,"1425668d-2bae-4485-ab8f-83bbfa6482ce":100,"3cc918e8-005c-4c89-87e5-d400f8f4ac52":100,"9e5a54ea-6f55-4d88-a275-50b8f44a9861":100,"32a91fd2-2b76-40fd-bd16-7c25be2f7b7a":100,"ac36a0b4-6eff-421f-a178-463a92590744":100,"621880c6-0c33-4322-b091-e4d5d49e1e4a":100,"26640d3d-aba6-46ee-9bbb-20d3c657deed":100,"6186743b-2541-42af-a7be-61f637eeeb66":100,"0c4f483b-6e6e-4ddb-83da-d14613cb4ca3":100,"775b23f3-a226-42d3-bd4e-c493dafc79a1":100,"b1602bd9-7382-4649-a387-eb4755ff6a9b":100,"b7e1def6-9e0a-47db-a6b2-3b93fa33a883":100,"f07ce815-a764-42cb-8406-230d17b19074":100,"28594049-35d2-4b16-a29f-876544e5c9b9":100,"8598d5ea-ee4c-4e63-915e-be054141ce4a":100,"57d12ce5-9bac-4012-a126-ac7306ec1954":100,"7e3e19c5-3a82-4442-b2f4-a3df55b886d0":100,"fbc6f9f4-a441-418f-8b80-0ecda2441991":100,"f1fdc1e7-f679-45dc-9456-6b62c3160936":100,"d975637e-8ba4-487b-b03d-168d7d132103":100,"8908ee0e-9cfe-4213-aa63-7279a45ddafb":100,"cb16806c-3c39-46ed-852f-d568e860852a":100,"6a73548a-ceb7-4b26-bd9b-460064205ac7":100,"25cace57-d4f0-4980-bbc8-32b01bf5c3b8":100,"773d922d-98f4-4adb-b627-04e1bb366869":100,"7061776d-68e3-45ef-a65c-8f35677d8c95":100,"8694c543-7673-420b-b284-6379368af8ad":100,"c2af0ab1-ff30-4559-8a12-e70eab82a598":100,"53e09452-ee15-4c8b-9576-a7af51b5185b":100,"fb68588a-5f14-4e5f-ac15-be31e774229c":100,"85e39b92-0934-42ed-b3a6-20ca97472712":100,"ad29247b-e880-4714-80ca-2484552bf36f":100,"5534026f-588c-4439-beff-aab212559427":100,"1c3214be-2ac8-4459-8913-e55f7fe9fcbf":100,"d6e43d03-369f-4572-81fd-ab37c8584c14":100,"ce15b936-1be7-4818-a485-4f4683b41320":100,"cdc3f64a-3c30-4c69-af07-34133358eb11":100,"4c6c9f62-b54a-4a14-8571-bbe03b1cf932":100}},"settings":{"font":"\"Patrick Hand\", cursive","fontSize":24,"lineHeight":2,"theme":"dark"},"updatedAt":1784790357093},"andrew":{"progress":{"lastChapterId":"7503b3a8-5a50-4e1d-b468-614bf1373080","percents":{"7503b3a8-5a50-4e1d-b468-614bf1373080":0}},"settings":{"font":"Georgia, \"Iowan Old Style\", serif","fontSize":19,"lineHeight":1.4,"theme":"dark"},"updatedAt":1784790372486}}}