{"version":1,"exportedAt":1784790296429,"stateProfiles":{"izaiah":{"progress":{"lastChapterId":"a7b314d5-78a8-4730-9403-1062902d231c","percents":{"0f78bbcf-ae36-4705-b088-f69023f2c41f":100,"a11b34d4-9e96-4067-b758-575071355221":100,"abdd9cdb-3b3f-4a36-8c47-2d57ec948980":100,"9ebff8c8-8045-4dae-9f6d-d33c1056b57d":100,"55ff8c22-5ff3-49b7-9bc3-76b8953673c5":100,"b07f8ba3-5a4d-4b96-b4ec-3d829c45e2fa":100,"1e3a9697-c38a-4fc9-8e5d-97dae6d99fd1":67.93590232735596,"8e93cce1-fadb-4599-9ff3-c2db07d2fded":58.861399797663935,"62d7f069-ccba-4766-b00c-4eaed3f1e842":35.10392609699769,"085980ad-1bbe-49bc-965f-61854ee45812":91.6437865584338,"ed7297db-318b-48d3-b8d2-2f87bf1b507f":41.075794621026894,"358d6a40-898e-40fa-af9d-aaadffefc7f3":100,"b79438b7-07a0-4d8e-8266-5d7a05294e07":100,"535a2891-1093-49e0-919f-bf6735ff8aa4":64.47063564017327,"78b14309-2d50-4e1d-8df6-39ed131d823b":58.96858582609627,"82e12a98-0e96-4fd5-b137-ae5284172e4d":100,"7e1cf5e3-95d4-446d-ad4b-be572330c6eb":100,"1b958ac2-2ff7-4843-872e-c2f278c1897a":26.25611648168039,"cb76e74a-014e-4af7-b301-40a65df6d4be":100,"1e7c69b1-6a9f-4274-8826-f6a626906a96":100,"ef3b0de7-997b-4056-a6f8-272a3e755610":55.865921787709496,"61035dc7-074a-436e-83fc-8361b347ae97":11.189854531891086,"ac17ff41-a4a3-4e6d-bb15-29cad2d4389a":31.25915795643255,"21f0aa3d-7510-48bf-8a04-6c3a1fb165bb":100,"a1acaf0e-e80d-4562-b88d-3284694f097c":100,"f07c7b5f-6a25-4b46-8679-97dc2cbe4f2b":100,"76b5b074-953e-4b5f-8158-9925a961d62f":100,"5ac873e6-1535-4f96-8d9f-14f1071d9b8e":100,"f846b9aa-4cb7-4933-99c5-87028c40de49":100,"fef99ce2-7891-4efc-9fa6-7aae67af1365":100,"80bd7701-329d-488d-8171-2caf3e70db97":100,"d5bb3ba8-f060-4e14-843d-494bdc1bf620":100,"6709d496-3b93-41b3-b40f-88b42c39b7ab":100,"8210daeb-424e-4a4a-9a43-3ab72b3cc0a0":100,"a0d40b16-cf48-4014-baab-9b32232452ae":100,"1e7a9600-7fb3-4be1-97f0-e3132ac5857f":100,"8f2e347c-1925-43a5-b221-12a1375f3e4a":100,"e2e9677f-a63b-494e-aca1-9fbb6a915cc2":100,"eaf9a8a8-9c8b-4f14-a11e-e549e1062051":100,"d41771c8-b473-4a7a-9377-f3df358aaa60":100,"d5cafa44-5569-4605-ba42-4053cfc898de":100,"c0bbc908-386d-443a-9494-9bbe4a0e3a5e":100,"e8c1bf61-5f3b-484d-90b1-005da98a2cce":100,"e12238a2-ed4a-4c5c-a1b1-b5df4a549bd8":100,"86561f96-b00d-405a-813f-196f94b571a1":100,"69a2aa9c-901d-4781-9d19-7bdcd859e8da":100,"8d5333ed-1e3e-4154-93c8-727dbcd38294":100,"71a81766-6d6f-4a3f-8958-905ce2132fec":100,"4c0006bd-7af6-4172-83c8-58ccf55fbd20":100,"766e9242-4421-4096-b0e7-d030c2068137":100,"4ace9519-b74c-4096-8939-54dcc8a7adb6":100,"58d8e7f8-45eb-4028-bff8-b6759ba5d8b9":100,"3425e982-08fb-4ca4-b771-c7168aca7ff2":100,"cf055cd4-3808-4544-9e3b-63992e006704":100,"110a5068-8799-4591-bb90-2ac5e9112538":100,"603da47f-0e18-419b-91d9-eacf75d6db61":100,"980f14f7-9bb5-4711-8690-7cef1a317ee3":100,"1eaa14e6-8bdd-418d-a558-bc7dfaad10d7":100,"1547aa57-8088-426c-901d-085a4f5d25cc":100,"164f6d37-fa7b-4b4d-8301-901196ac969c":100,"303b5abe-7b68-47a1-8449-81cedc879f79":100,"eaaee6ab-d972-4eaf-bb84-818563758add":100,"62c7b1f6-51e4-4e8f-9b39-96dbdc5c0563":100,"d39027e4-00dd-4208-b84e-68b29f09003b":100,"8cff0e65-1992-456a-b656-c7815276d6b0":100,"a7b314d5-78a8-4730-9403-1062902d231c":100}},"settings":{"font":"\"Patrick Hand\", cursive","fontSize":24,"lineHeight":2,"theme":"dark"},"updatedAt":1784790297056}}}